"","1940","1941","1942","1943","1944","1945","1946","1947","1948","1949","1950","1951","1952","1953","1954","1955","1956","1957","1958","1959","1960","1961","1962","1963","1964","1965","1966","1967","1968","1969","1970","1971","1972","1973","1974","1975","1976","1977","1978","1979","1980","1981","1982","1983","1984","1985","1986","1987","1988","1989","1990","1991","1992","1993","1994","1995","1996","1997","1998","1999","2000","2001","2002","2003","2004","2005","2006","2007","2008","2009","2010","2011","2012","2013","2014","2015","2016","2017","2018","2019","2020","2021","2022","2023","2024","2025","2026","2027","2028","2029","2030","2031","2032","2033","2034","2035","2036","2037","2038","2039","2040","2041","2042","2043","2044","2045","2046","2047","2048","2049","2050"
"AGO",0,0,0,0,0,0,0,0,0,0,0,0,0,0,0,0,0,0,0,0,0,0,0,0,0,0,0,0,0,0,0,0,0,0,0,0,0,0,0,0,0,0,0,0,0,0,0,0,0,0.137823488102489,0.131811791432263,0.125917464596336,0.136223854535871,0.139757842960824,0.148116814383585,0.156981015518567,0.160195067840542,0.160924265812018,0.169937074652016,0.181712700797462,0.196738958765453,0.210066556538469,0.221020347887029,0.231138915446438,0.243005606959046,0.257507666112846,0.264936349177294,0.271452994658724,0.289362753607087,0.301052260645437,0.304299161955649,0.307974742546767,0.320938406003453,0.332908656883541,0.344168242726644,0.35487868649684,0.365635093734333,0.375582876455695,0.384820534165388,0.555184506074826,0.6721893376946,0.671535727843837,0.670936953891079,0.670364319180244,0.669855969111533,0.669366410461026,0.668988362770118,0.668610457887789,0.668249221985606,0.667906169783851,0.667573757310829,0.667269605322543,0.666976072869325,0.666682628816526,0.666410031182914,0.666147495221322,0.665895093322767,0.665649984958719,0.665406057748996,0.665184152393442,0.664969107284939,0.664766375758583,0.664578821735013,0.664390555501358,0.664207286430916,0.664037435178749,0.663897825889946,0.663747351588244,0.663598077285523,0.663465056422966,0.663333041573284
"BDI",0,0,0,0,0,0,0,0,0,0,0,0,0,0,0,0,0,0,0,0,0,0,0,0,0,0,0,0,0,0,0,0,0,0,0,0,0,0,0,0,0,0,0,0,0,0,0,0,0,0,0,0,0,0,0,0,0,0,0,0,0,0,0,0,0,0,0,0,0,0,0,0,0,0,0,0,0,0,0,0,0,0,0,0,0,0,0,0,0,0,0,0,0,0,0,0,0,0,0,0,0,0,0,0,0,0,0,0,0,0,0
"BEN",0,0.0897586357008751,0.0870517244491345,0.0845037778426173,0.0819994415916528,0.580204744935584,0.562748885109882,0.546289918740091,0.530128808444926,0.799299556051157,0.775445397130565,0.752236671628007,0.728217662849026,0.917760705324092,0.888240531205328,0.859413761982711,0.828469837802378,0.933967663119848,0.902008892562524,0.871392536879681,0.840651243882892,0.927501001073153,0.893790330998981,0.861204544107016,0.829137729663142,0.796876766096472,0.765893941921904,0.736861998701989,0.709340280116524,0.68279608250402,0.65668406139255,0.629583651595011,0.603555072543874,0.578854700628524,0.555101039032463,0.532218512713411,0.508465697485153,0.486085353943003,0.464746676980889,0.444212852480784,0.424630174013475,0.404790192293835,0.385929554767523,0.36767782345892,0.351243742963967,0.334735997668942,0.318270170866325,0.302848598106294,0.288247548877742,0.274198445999879,0.26216898333212,0.248950135638957,0.236968768517794,0.225004426287773,0.214216562496147,0.203671527209498,0.193351088626224,0.21368020739309,0.20309237329544,0.192954864286456,0.183016756199465,0.173798415952266,0.164771373692232,0.166921864961866,0.183171846977277,0.19842426557178,0.311237755006809,0.323061007483874,0.3347951032488,0.344490670353028,0.941320075235796,0.932001119387571,0.924192859854631,0.916725624939367,0.909868394891844,0.903305850416138,0.896924618177436,0.890796875025804,0.884901720350112,0.879304113421723,0.873912894025354,0.86859174238661,0.86353733327871,0.858721762737077,0.854114703215868,0.849641514402787,0.845209388190834,0.841026143943668,0.836998565462377,0.833121977305455,0.829400964575703,0.825729688526665,0.82224192855589,0.818872253703653,0.81562634105873,0.812497083369471,0.809402194449074,0.806465130049516,0.803645095150958,0.800891683265981,0.79826037214875,0.795627671957014,0.793130967230134,0.790740542771416,0.788424389265108,0.786143723228352,0.783909272693831,0.781750424518566,0.779671981173709,0.777653642746419,0.775708651521471
"BFA",0,0.0897586357008751,0.0865161516501285,0.0834739039596018,0.0805180599820838,0.579341949821176,0.558489000525923,0.538901326264,0.519889110680607,0.793991129648736,0.765751176896745,0.73919090151422,0.714880611012044,0.914385475844764,0.883225984547281,0.853468526601512,0.824920191285168,0.932936224188725,0.899760513055553,0.867658491494391,0.836214715151745,0.925070066441971,0.890307086077247,0.857695477367209,0.826173125805528,0.794650876088871,0.763927348386184,0.734131470192781,0.7053566083316,0.677596383969361,0.651009071870219,0.622723485344213,0.596409906819666,0.571173838460884,0.546748156830211,0.522678474006326,0.497958596247502,0.473964089342238,0.450844170940547,0.428655306829926,0.407365623549676,0.386425515614178,0.366717291708221,0.348155132079968,0.371185899081087,0.352530290272364,0.334806804251544,0.317749058203237,0.32860076655079,0.326457549485986,0.310621346433695,0.323026468854596,0.338664583381227,0.338444870284176,0.339555221134655,0.341183588495262,0.346961084873938,0.329771024915286,0.313887682542109,0.301496400739596,0.293541367251177,0.301502641028065,0.302359451265112,0.307125631628759,0.317785134632606,0.40494297103781,0.462228623890724,0.477686725877619,0.492566950049783,0.862525385260199,0.864787866834231,0.862607253976728,0.860567881266296,0.858656352022113,0.856808126360901,0.855175737728741,0.853672210541356,0.852239326546366,0.850898324087499,0.849610601971392,0.848381406510888,0.847184918338657,0.846056937575766,0.845001131046713,0.843996925379303,0.843019180887613,0.842080606191922,0.841203417322575,0.84036086477839,0.839559589772965,0.838787103644565,0.83809424814243,0.837420410265519,0.836788045572822,0.836179818028067,0.835598662484652,0.835090642116627,0.834607748745746,0.83414916924368,0.833706435434164,0.833276733872782,0.83291390492073,0.832566781768339,0.832234469383817,0.831912960444986,0.831607796539441,0.831337125039778,0.831073470006946,0.830830069397097,0.830589848315394,0.830358427851985
"CAF",0,0,0,0,0,0,0.0620256975893214,0.0600375142687499,0.0581901375258992,0.609507350251181,0.589987161453776,0.571438162398024,0.552894131451812,0.869401061942654,0.840686707351839,0.813347092564917,0.784724687088614,0.919810370030644,0.888106436674984,0.857875142175787,0.828518960362261,0.923083409106606,0.890331415084673,0.859433696992731,0.829444590790183,0.800170076813937,0.771293231458756,0.744426951529575,0.719101334448279,0.69425013453147,0.671318667357663,0.64555662729776,0.621176534387253,0.597888468973348,0.575941069245191,0.554092707969221,0.531684326274781,0.510940110778518,0.490902266616038,0.47144406042721,0.4529757485807,0.434406585740625,0.416037838458888,0.399508415495255,0.383227950761471,0.367456204559522,0.351564142912929,0.335457423193738,0.320311411210682,0.30552192279059,0.308717881425327,0.294230142451008,0.303673661399447,0.302547558697655,0.287986489752173,0.288686847411737,0.293888691554865,0.279943110788398,0.28286257080928,0.284249863511677,0.28409864542677,0.28471100793942,0.284862832000368,0.287252688689065,0.291407946746226,0.297738891286476,0.306409451168269,0.315500322183778,0.322692308939898,0.377620087050168,0.431239970388725,0.78039262670446,0.821511377535689,0.814757394211692,0.808125529022307,0.801836917244242,0.79575677511823,0.790153785045372,0.784701077062933,0.7794615999934,0.774422563650265,0.769553620162765,0.764854723026991,0.760218723024466,0.755874923696047,0.751707481140557,0.747599450266222,0.743683762240723,0.739953287379362,0.736221867121434,0.732791718141959,0.729476331289015,0.726189082618448,0.723086137447873,0.720035532325835,0.71715501357256,0.714369565979443,0.711704100534704,0.709067631185436,0.706521806392165,0.704095558194871,0.70186357998114,0.699593660691886,0.697410681009541,0.695271709112931,0.693203051768897,0.691220693339952,0.689355642412096,0.687463075405039,0.68563934938286,0.683827392125164
"CIV",0,0.0897586357008751,0.0863613624810549,0.0831508674586327,0.079991148320287,0.578993163914761,0.557125515400297,0.53644749212505,0.516134931405305,0.791818927725567,0.762121814761313,0.732912638345683,0.703219171701458,0.909249713051019,0.872773809960323,0.837675817265908,0.801172824341089,0.923365901938555,0.885368757775169,0.849560250822228,0.814020927164602,0.916311251123429,0.878426689803313,0.842434476530976,0.807346302962982,0.773136202507231,0.741494154708323,0.712290948834795,0.685217166513732,0.659482524037268,0.634486870391991,0.609113764564105,0.58566422130111,0.563489162610345,0.542433861060957,0.522119795254769,0.500257645224049,0.479946117779224,0.460973632053276,0.443080735646843,0.4261232075613,0.407326548134583,0.390152873937378,0.374913740989278,0.359937024411363,0.345636677175022,0.33027475011068,0.315796424905482,0.334283544675351,0.319324700866081,0.307200841783028,0.293741079635326,0.296344200121314,0.29606682795693,0.296589240870371,0.297809528053884,0.300090395792766,0.305880637842448,0.313269902201954,0.319725208598454,0.322940939369607,0.331410725761973,0.381137628880013,0.390264388566565,0.398400920771838,0.408830394729138,0.433339518904478,0.46049221149093,0.466787350114824,0.528420835166372,0.523147191473088,0.527815524044393,0.937935555893335,0.924031797521041,0.910572655916487,0.89751838142911,0.884966340351076,0.873048603128156,0.86164594856938,0.850676182516414,0.840059251506332,0.829591161114437,0.819530735152242,0.809882101643229,0.8005887945368,0.791606079460539,0.782770639020278,0.774251708066442,0.766005414234035,0.758090576183116,0.750446337335837,0.742900582041931,0.735625002960044,0.728594822904531,0.721815855346259,0.715262155424183,0.708814331799102,0.702556133109437,0.696532953370462,0.690661642922702,0.684998910739992,0.679409716625313,0.673996395713524,0.668751824671711,0.663622469708561,0.658722237502134,0.653800729441884,0.649051317441337,0.644429803050304,0.639915444264358,0.635553857358959
"CMR",0,0,0,0,0,0,0.0830916850755529,0.0801945310408047,0.0774643324158051,0.39988395989418,0.385920204880878,0.37252310101704,0.359181888370156,0.5689738756993,0.549018445777235,0.530158018992049,0.510859725839845,0.652957588040625,0.630173682211488,0.608575972967999,0.58724999972018,0.565625982286281,0.545117700708837,0.525208384847301,0.50637697490064,0.488072517118519,0.46887427164087,0.450983413399189,0.433784931324213,0.417385007151763,0.401259284576023,0.384646972107929,0.368661890660108,0.353358605636411,0.33877768901238,0.324591193727113,0.310096330799963,0.296401426711143,0.283364125347393,0.270807826448197,0.258837014026626,0.25154798999855,0.239758561661432,0.228524896605977,0.21789668573572,0.207737454498587,0.197455010319391,0.187877136133012,0.189760012771064,0.180818609306518,0.173255964837227,0.17639570733407,0.167931771834987,0.15988069235683,0.152193015733591,0.145066721247948,0.137936178191848,0.1313665730585,0.124996201509731,0.118972456925972,0.113053321471125,0.107386101668933,0.1017136461368,0.0962998799265664,0.0910618458420161,0.106688446344234,0.124687083658979,0.183589299392494,0.203937262857603,0.220786094289002,0.567861735209856,0.593145318619785,0.597297967128063,0.601360504359001,0.605321742526468,0.609097331743454,0.666432077292349,0.713214403909641,0.751594170980987,0.751286674034649,0.75100875886766,0.75088660717286,0.750786709922385,0.750692953104328,0.750601343299106,0.750527503358719,0.750539516209064,0.750561308797625,0.750568173386306,0.75059733896586,0.750607951750979,0.750703362213838,0.750793123798287,0.750866715814232,0.750964500751789,0.751054391096075,0.7511927365012,0.751332595334079,0.751472566322112,0.751605903611579,0.751737186131723,0.751906402233944,0.752076693982686,0.752238859820437,0.752405299272953,0.752569375515468,0.75275073719332,0.752929183509724,0.753105813545335,0.753287853228127,0.753453260086735
"COD",0,0,0,0,0,0,0,0,0,0,0,0,0,0,0,0,0,0,0,0,0,0,0,0,0,0,0,0,0,0,0,0,0.0168514747977964,0.0161734792032834,0.0155119560510614,0.0148616635803414,0.0142566610996581,0.0136880318815385,0.0131504659948418,0.0126318752167248,0.0121334414445093,0.0116238923201875,0.0111393042461545,0.0106793842311264,0.0102361765361306,0.0098091996785765,0.00936806598187119,0.00895174706612143,0.00855697064902752,0.00817653566339275,0.00781809846912028,0.00744308226470288,0.00708683723457966,0.0103878977021309,0.00978172015181221,0.00938574359465726,0.00900141916073106,0.00841585602478981,0.00801094922844323,0.00762230585977565,0.00727195334291379,0.00694397850151188,0.00662659852763366,0.00632215836393017,0.00819504387214354,0.0185046995971809,0.0353309000505384,0.0543327764223711,0.076519678180449,0.0953178123551363,0.118476799739454,0.140035486144643,0.152213422815881,0.164153596633286,0.175288032073858,0.185807845314094,0.196810395483783,0.207114924851068,0.216796568238533,0.225978411095265,0.281617145626251,0.331407705212911,0.414006750086429,0.416587515786656,0.419060041768143,0.421463886932191,0.424031910369589,0.426464542754194,0.42875390963627,0.430926450328659,0.43303494506966,0.435152510998925,0.437168503695174,0.439075050072926,0.440887412389031,0.442651813777214,0.444412355320105,0.446092379099963,0.447679416262951,0.449201210349483,0.450685288124885,0.452177692080421,0.453618633139453,0.454979635592805,0.456286379681011,0.457568897093062,0.458880739766881,0.46014593816154,0.461345905002509,0.462505839770235,0.463648328729438
"COG",0,0,0,0,0,0,0.0620256975893215,0.0598794083566309,0.0578283020625285,0.609266550766148,0.588154618815904,0.567588895338204,0.546988106879244,0.867258615190902,0.836446386519959,0.806774594328274,0.776886915336886,0.916713525006445,0.883670728100118,0.851777105518015,0.820259978593775,0.919276824988876,0.885330091201451,0.852376509709282,0.819820465094305,0.787608056658516,0.757383464065997,0.728490566246711,0.700040362182594,0.67375669644309,0.648556110979018,0.621863904501389,0.597321632500989,0.573936450849088,0.551077797885917,0.529247627657551,0.505932529518207,0.484807469358368,0.464565316259418,0.444545089176665,0.426055980945009,0.407392078714385,0.38913980580728,0.37325667104681,0.357537629200824,0.342845083603979,0.328060314051678,0.313185254258734,0.299847182992,0.286739687933335,0.276101905140334,0.262837040012548,0.251870653971291,0.240347150696656,0.228804751691205,0.218793724979244,0.208554309465506,0.198370751719815,0.188213207053843,0.179020538046139,0.170800067753209,0.161477325472182,0.15360846905202,0.145809916704626,0.137961843071378,0.146863798405771,0.157396752557017,0.172152784967328,0.186297471622611,0.201790229553964,0.226571284347329,0.246568854720953,0.266222474305742,0.286529441492211,0.304336276268077,0.32150348418563,0.338597698110309,0.354624800209376,0.370643227169997,0.385314314920061,0.399990766316999,0.413831888711159,0.560629400072184,0.570097575389776,0.579120515888051,0.588015648309279,0.596638792504733,0.605272751726787,0.613614594390089,0.621447497972217,0.629126679865677,0.636965544001873,0.644622936220692,0.652044277747254,0.659192633579858,0.665912355221314,0.673097743456166,0.679997521497676,0.686642223428772,0.692941582469724,0.699255951294235,0.705705852771348,0.711910431028855,0.717854517526515,0.723684260701271,0.729355555646716,0.735288087310088,0.74087610658108,0.746349857061566,0.751769765447446,0.756941225971442
"ERI",0,0,0,0,0,0,0,0,0,0,0,0,0,0,0,0,0,0,0,0,0,0,0,0,0,0,0,0,0,0,0,0,0,0,0,0,0,0,0,0,0,0,0,0,0,0,0,0,0,0,0,0,0,0,0,0,0,0,0,0,0,0,0,0,0,0,0,0,0,0,0,0,0,0,0,0,0,0,0,0,0,0,0,0,0,0,0,0,0,0,0,0,0,0,0,0,0,0,0,0,0,0,0,0,0,0,0,0,0,0,0
"ETH",0,0,0,0,0,0,0,0,0,0,0,0,0,0,0,0,0,0,0,0,0,0,0,0,0,0,0,0,0,0,0,0,0,0,0,0,0,0,0,0,0,0,0,0,0,0,0,0,0,0,0,0,0,0,0,0,0,0,0,0,0,0,0,0,0,0,0,0,0,0,0,0,0,0,0,0,0,0,0,0,0.0398409505799145,0.0764227600466468,0.1100694600565,0.107445998004364,0.104933355681083,0.10251965696902,0.100163228644976,0.0979052980608824,0.0957380585022014,0.0936535710498739,0.0916451774643623,0.0896733561771502,0.0877760985035863,0.085950329971277,0.0841886374814489,0.0824881580990376,0.0808127963231783,0.0791904877571628,0.07762090564336,0.0760994828384359,0.0746275404074846,0.0731652272401472,0.0717433137988549,0.0703600746733485,0.0690165985620305,0.0677092234775832,0.066395049265945,0.0651139050478028,0.0638634879459383,0.0626437418022121,0.0614501014916181
"GAB",0,0,0,0,0,0,0,0,0,0,0,0,0,0,0,0,0,0,0,0,0,0,0,0,0,0,0,0,0,0,0,0,0,0,0,0,0,0,0,0,0,0,0,0,0,0,0,0,0,0,0,0,0.00812603237088685,0.0079017595878848,0.00780174517181606,0.00768269031201618,0.917092256495417,0.898442917614574,0.869343914559067,0.843143332142424,0.818088733080189,0.794765744019458,0.771258407461385,0.748505580268569,0.730972593279829,0.717985220170667,0.706122744649164,0.698538873018093,0.694534279368208,0.690061888063379,0.685537716791306,0.68043343591631,0.67565979692155,0.671079775297434,0.666859607765546,0.662863367509966,0.657467943478746,0.653261180062964,0.649553281170039,0.646033255946715,0.641982438599534,0.637959773703535,0.634444692534767,0.630856746074366,0.627487951015457,0.624412865227833,0.621197356281273,0.617444290861332,0.614697483624087,0.611770347041671,0.60928629063968,0.606475022588925,0.603205765224562,0.600647912706711,0.597878526375762,0.595755757885645,0.592967531354691,0.590286773447417,0.587979953245595,0.585744568369447,0.583464097553238,0.581487449528556,0.578976583525287,0.576958048571985,0.57489515508262,0.572774665995901,0.570798248569605,0.568789290263237,0.566801946967871,0.565066987483444,0.563267519116481
"GHA",0,0,0,0,0,0,0,0,0,0,0,0,0,0,0,0,0,0,0,0,0,0,0,0,0,0,0,0,0,0,0.0278074839853283,0.0624216137301115,0.0598605773042095,0.0573532401999144,0.0549753401393992,0.0528364262556358,0.0507196673232785,0.0487431385118276,0.0468684654218536,0.0450742811485703,0.082040951811411,0.202293410638669,0.217299269755996,0.208845792911697,0.217801127084933,0.209618796599974,0.20163222402928,0.19418595344523,0.187183068324486,0.180517873250327,0.174186284747713,0.167843454722901,0.161777121375919,0.157078623196516,0.163152340653853,0.169141917614993,0.171432527572001,0.18024563260298,0.187056045644176,0.196861561628447,0.209530431460352,0.226005798399532,0.246231623265797,0.264354665919706,0.280389540253147,0.296981063516311,0.353376347216286,0.3868581432661,0.404104476996496,0.418146581167524,0.433857376341423,0.449263740504315,0.66355314270479,0.694886296370434,0.70119979432582,0.707298343862039,0.713156020852104,0.718895160542152,0.724468166795704,0.729822984003,0.828896775906905,0.88170195134513,0.882564719846248,0.883404881770998,0.884228944370181,0.885016971757425,0.885794413697019,0.886550156097424,0.887281431991005,0.887999789820476,0.888691802141165,0.889370584544485,0.890027975863768,0.89067134381343,0.891304051849915,0.891907036136759,0.892508842647093,0.893093688323345,0.893661956995405,0.89422580991537,0.894759317574912,0.895306288580568,0.895835119531933,0.896349874836487,0.896859474535803,0.897346524729247,0.897854850094943,0.89834419921739,0.898827995329549,0.899299736933427,0.899753444037623
"GIN",0,0.0897586357008751,0.0868385570852546,0.084132011449172,0.081489043900021,0.579917508166464,0.561132857048409,0.543685658062588,0.526667197057691,0.79755864929045,0.77209151150626,0.746283344050218,0.71897099130285,0.914354471546811,0.881235205776657,0.849821535263938,0.815810970198615,0.929275928970482,0.8947111176231,0.862901722925681,0.831846851488281,0.924389233780767,0.88984732566496,0.857277621795343,0.825426405339375,0.79468238410949,0.764024894763825,0.73569243349109,0.709638688230299,0.684958621178895,0.661208891378385,0.635166575268514,0.61101296113829,0.588438117845358,0.566446147599171,0.54579485709935,0.523532427989939,0.502157959434725,0.48225396120267,0.462695833355339,0.443614510858828,0.424117390444745,0.405698340455725,0.388355484918282,0.371603773891765,0.355483884687307,0.33869532392168,0.323247920164311,0.308627140746119,0.294438710890226,0.281098804828034,0.26725210645017,0.254029604028277,0.24169650555,0.230119229287067,0.219575064339097,0.208428788961939,0.197595692130222,0.187713174093669,0.178305814749459,0.169162191673258,0.160318779679807,0.15188360643475,0.28020358904414,0.32804383805414,0.373811465966688,0.448174127707955,0.444124658170485,0.442907628303037,0.449156845965117,0.450852337347886,0.781757375797671,0.773434548928456,0.765469114179856,0.757836261936743,0.750629061966988,0.74373969120377,0.73718254581055,0.730906580703021,0.724860674622438,0.719080575065772,0.713410900360504,0.707988895626365,0.702862770820559,0.69793665553916,0.693181832438942,0.688490469790012,0.683988443276364,0.679732287359496,0.675600471817097,0.671696612509819,0.667838264837094,0.664133390547279,0.660612194784971,0.657196697684178,0.653911385984114,0.650726153347042,0.647683140611813,0.644746435280582,0.641942211814477,0.63921333928114,0.636573260225104,0.634051539144009,0.631590049794404,0.629261723147584,0.626987504052406,0.624756642181898,0.622628123493227,0.620580036801915,0.618583077841391,0.616659577627604
"GMB",0,0,0,0,0,0,0,0,0,0,0,0,0,0,0,0,0,0,0,0,0,0,0,0,0,0,0,0,0,0,0,0,0,0,0,0,0,0,0,0,0.909371851876915,0.868963606734295,0.830217975710431,0.792768945955062,0.760240241470319,0.727965633356484,0.728646132675425,0.730134443499646,0.735795920340629,0.744163172665549,0.75008726196126,0.718307625456279,0.723191069817393,0.726621308165578,0.715134553927434,0.713672633147592,0.682291914944106,0.652959930729996,0.660377126391791,0.664980687563315,0.671728214070509,0.678798750273694,0.683903585910463,0.688588668468119,0.692485151522001,0.696394429161248,0.703009959162317,0.708524742347283,0.713431260111102,0.720668374077036,0.727808901688563,0.733791828236274,0.739466682607933,0.744590624084742,0.749403261642729,0.75379793286372,0.758847525616503,0.763328783100922,0.767691635966961,0.771898408790479,0.775698850620918,0.779849076674198,0.783528657938127,0.787337581777707,0.791053481985036,0.794327940041173,0.79762573461717,0.800818928687347,0.803995468881413,0.807086900471144,0.809684157896678,0.812442245693971,0.815177194995197,0.817713280656598,0.820150618914156,0.822592769244285,0.824988948616204,0.827144442858666,0.829357776545224,0.831397426439275,0.833594911011186,0.835480078629239,0.83753071066979,0.839600303274256,0.841375522817572,0.843169555209491,0.845109226397696,0.847277957437926,0.849002251739891,0.850955580426983,0.85264841453879
"GNB",0,0,0,0,0,0,0,0,0,0,0,0,0,0,0,0,0,0,0,0,0,0,0,0,0,0,0,0,0,0,0,0,0,0,0,0,0,0,0,0,0,0,0,0,0,0,0,0,0,0,0,0,0,0,0,0,0,0,0,0,0,0,0,0,0,0,0,0,0,0.0133434538829646,0.0340017699838995,0.0535668269140612,0.0725663492314977,0.0900371152479595,0.106741439998444,0.122873874364358,0.138779075887727,0.153925593266004,0.168507262150288,0.182632914428992,0.195885395061104,0.209437503628333,0.527418634013964,0.530507219557484,0.533069413891219,0.535685603013068,0.538507594429786,0.541276109885083,0.543781356545401,0.546258566607361,0.548896427305259,0.551261927587616,0.553515554213312,0.555853443298237,0.557897439896958,0.560014011588202,0.562170114323576,0.564098436321926,0.566144763837097,0.567938810291675,0.569726731241471,0.57158926658937,0.573187246886523,0.574747516176846,0.576391994291892,0.577921940359012,0.57956118825032,0.58103690193138,0.582513234473576,0.583781148385699,0.585223377862641
"GNQ",0,0,0,0,0,0,0,0,0,0,0,0,0,0,0,0,0,0,0,0,0,0,0,0,0,0,0,0,0,0,0,0,0,0,0,0,0,0,0,0,0,0,0,0,0,0,0,0,0,0,0,0,0,0,0,0,0,0,0,0,0,0,0,0,0,0,0,0,0,0,0,0,0,0,0,0,0,0,0,0,0,0,0,0,0,0,0,0,0,0,0,0,0,0,0,0,0,0,0,0,0,0,0,0,0,0,0,0,0,0,0
"KEN",0,0,0,0,0,0,0,0,0,0,0,0,0,0,0,0,0,0,0,0,0,0,0,0,0,0,0,0,0,0,0,0,0,0,0,0,0,0,0,0,0,0,0,0,0,0,0,0,0,0,0,0,0,0.0103416799516844,0.0424510107818338,0.0432418796952316,0.0456230830686281,0.044170958551156,0.0427831157269329,0.0412453029493627,0.0396323318437902,0.0383496025688693,0.0371339356467562,0.036318151751102,0.0354044884755581,0.0345580670581982,0.0338272806797121,0.033116638346108,0.0323988170859245,0.0316109251127823,0.0308763778552265,0.0302339136196509,0.0295994470580097,0.0289570351848047,0.0282723110514268,0.0276457793781594,0.0270908513865356,0.0265578885886403,0.124086576554905,0.206391347960393,0.200069433643977,0.194054108970636,0.188325784799201,0.182827735911672,0.177501208936115,0.172401477486662,0.167480144670099,0.162716395861087,0.15811616245562,0.153642063404898,0.149341760913925,0.145114380855652,0.141047920099095,0.13712641181523,0.133290471441121,0.12958698285264,0.125961490618808,0.122469516079429,0.119084248257225,0.115773542959897,0.112580244532854,0.109477358821013,0.106476564651768,0.103571673792896,0.100727632639671,0.0979864129328728,0.0953229146137561,0.0927425068741764,0.0902350969561488,0.087787441558804,0.0854203002529724
"LBR",0,0,0,0,0,0,0,0,0,0,0,0,0,0,0,0,0,0,0,0,0,0,0,0,0,0,0,0,0,0,0,0,0,0,0,0,0,0,0,0,0,0,0,0,0,0,0,0,0,0,0,0,0,0,0,0,0.184074799703887,0.177353220569026,0.220495715034102,0.28037909819809,0.270238682156436,0.299241423100518,0.335762921944341,0.337593190936138,0.3411925999995,0.355960374690758,0.364030624022806,0.371296720002577,0.378627243462267,0.42326631854919,0.924568883165445,0.905176644104171,0.890151378066714,0.872384792876339,0.855859762105904,0.840095361705201,0.82485576143525,0.810149942699701,0.796040496677563,0.782584909429053,0.769618968202483,0.75683275925127,0.744637259928549,0.733177715706012,0.722047656193766,0.71125031698402,0.700518287788254,0.6902490800942,0.68048308955665,0.671154052729548,0.661922461902634,0.653005894957326,0.644248798218961,0.635971750762822,0.628043963651626,0.620237939960552,0.612504487609303,0.60503818285251,0.597971970122181,0.59112973236828,0.584582804962717,0.57797651700988,0.571562460352712,0.565550467805624,0.559691022171621,0.55400595416045,0.548272524303779,0.542803222435006,0.537437748292757,0.532283710718744,0.527375396059871
"MLI",0,0.0897586357008751,0.0865542264241127,0.0835953628403619,0.0807278950715942,0.579480063490142,0.558896415810411,0.539853306107369,0.521416598967673,0.794875130394098,0.767119369645971,0.740400235253415,0.71341955724813,0.913086871567419,0.879481736134967,0.847922009680212,0.814373543238077,0.928930297765929,0.894251028450101,0.862577782704606,0.831847579767072,0.92410378147219,0.889150371537461,0.856698576184626,0.825700008016984,0.795426949350529,0.764282017174994,0.736028772305659,0.709816562064025,0.684581725573008,0.660077417764668,0.632731426201368,0.607285914074281,0.583475918876153,0.560524042763423,0.538580328200943,0.513959493663937,0.490922782288182,0.468731280866394,0.447714932638923,0.427360191289214,0.406107868558894,0.386119301045863,0.367151536293037,0.349137033860918,0.33161217555495,0.313820669237479,0.296584176644709,0.661189178906048,0.63173123830309,0.604876390382717,0.578236088108658,0.552971759211341,0.533502251739853,0.51094245884257,0.490888498670021,0.469234637112718,0.44826385134541,0.435519486555667,0.420601996742195,0.407606456132412,0.393010322886377,0.378319605945732,0.37289498351033,0.379987816764258,0.38910224373864,0.487311188654956,0.497700952827924,0.504782887835787,0.763704803297575,0.757896121747136,0.753957436973666,0.747218641590134,0.74108525001078,0.735414483974106,0.729987068531642,0.724916894988837,0.720083065089678,0.715494400909068,0.711203816017698,0.707056310023478,0.702988546352948,0.699185323804722,0.695623409135808,0.692209910788115,0.688888598366131,0.685692659196923,0.68266809264998,0.679765614310807,0.676982907480498,0.674346085578445,0.671790769083739,0.669386719740029,0.66711390574546,0.664905975676375,0.662804089046156,0.660818880241739,0.658906958690018,0.657101737721634,0.655367106936861,0.653700646800654,0.652086777583312,0.650548092524074,0.649098755611115,0.64768553618443,0.646315052704743,0.644969933739375,0.643686300349598,0.642443783369498,0.641251911727781,0.640080883894482
"MRT",0,0.0897586357008751,0.0863219346901526,0.0830403202636624,0.0798015196541281,0.578867093480139,0.556738070673325,0.535610414024585,0.514803759921516,0.791045950403098,0.760962737159238,0.732293342252046,0.703553409737726,0.909861826159181,0.875177423780901,0.84120590180316,0.806922572173209,0.925401340266066,0.888078030223793,0.852791224576014,0.818585488395253,0.917091070204158,0.879640317670364,0.845041013449291,0.811098883876611,0.778566202757521,0.746492986800828,0.716600599471057,0.688696280162422,0.661303939657437,0.635904656088812,0.608618604091509,0.58299258510652,0.559342956940119,0.535611093837628,0.513873564912312,0.49054888276209,0.470104961280196,0.44968969736303,0.430881645979622,0.412166459463024,0.393274960546829,0.37601402425145,0.359075498177399,0.342819337744362,0.327262775364577,0.31281378797483,0.297839866812776,0.284104794905658,0.270694483791524,0.258907090570943,0.245578654790165,0.233531126219976,0.223015853506939,0.21252501578751,0.202501464886793,0.191719687835549,0.183011634932565,0.174096888530193,0.165113296689818,0.157504826839065,0.148363823906802,0.140800428777262,0.133024812459895,0.125894479285728,0.119328400121,0.112554540135346,0.106168832356676,0.0998820714666713,0.0938537679121835,0.0885866992900063,0.0832536164560953,0.0783995693556368,0.0733662221777036,0.0689411543161129,0.0641187135432005,0.0600928643070242,0.0560693448751735,0.0521167684684524,0.0482211900622896,0.0446281693345394,0.0409785971650847,0.117036827718743,0.112196935011922,0.107421274339715,0.102528017612495,0.098203710709972,0.0938616488479003,0.09004647530041,0.0860554816235028,0.0821723947883443,0.0790893270799423,0.0757107306765331,0.0725929980079844,0.0694312634788418,0.0666225380625941,0.0640061947145123,0.0615512602260591,0.059266686973282,0.0569627552899636,0.0547179862236656,0.0528552482048732,0.0509953973550832,0.0493181121203442,0.0476200925540886,0.046035303919865,0.0447277791905145,0.0433657746382828,0.0420871508121414,0.0408262230381206,0.0396241468360144
"NER",0,0.0897586357008751,0.0855999109783676,0.0817906134694685,0.0781083664715611,0.577929394197389,0.551222582447874,0.526698568307884,0.503009767493386,0.785192853863234,0.749215923206107,0.717244567967942,0.687828426682885,0.905609867783729,0.866913710041813,0.831324446176148,0.796439720516702,0.922001728515096,0.882054328878388,0.844722076757144,0.808636144110746,0.913127938674583,0.872327147488325,0.834704068801079,0.79893405210232,0.763879627272229,0.730147709276398,0.698522634288644,0.669015348882262,0.640902724686572,0.614501587287471,0.586925912216895,0.561376994794074,0.537411675122003,0.514633520853324,0.493657864617964,0.47360615087834,0.455149029119865,0.437983428201689,0.421823788741809,0.406450830471576,0.386311602084038,0.367487389356336,0.349732822021873,0.332957594408808,0.317109716286793,0.301980091886083,0.287774123274863,0.275025423707012,0.27335735721659,0.260694414741583,0.248522661680784,0.245434759971954,0.243296778157302,0.240489324614443,0.236962896199937,0.237053285777747,0.225509481068646,0.213700819429461,0.20257080587885,0.191780599493627,0.185727666156553,0.18245546454161,0.181916533932565,0.183624222866739,0.187908471392326,0.193973418720835,0.197354856540606,0.202682400748982,0.212159626283368,0.230036479899301,0.246172364753324,0.255591955160954,0.264524475324886,0.272694809730523,0.280589152112176,0.288852954903577,0.29686040358183,0.304433599527347,0.311656327723937,0.318553573514101,0.325403235294172,0.343969812797955,0.34951884195389,0.354874341937814,0.360045409351404,0.365273194117649,0.370289418954471,0.375105780971898,0.37964828892331,0.384004090209518,0.38868188196801,0.393130490003434,0.397364001381266,0.401377457827381,0.405242288096134,0.409407029139622,0.413396341456038,0.417181993426187,0.420825703055774,0.424284222432813,0.427982126704401,0.431508784875439,0.434855517292641,0.438060032016296,0.441099202913681,0.444306486012976,0.447354685267745,0.450251398822651,0.453023690988252,0.455665020453896
"NGA",0,0,0,0,0,0,0,0,0,0,0,0,0,0,0,0,0,0,0,0,0,0,0,0,0,0,0,0,0,0,0.0071858437956525,0.00691056487799722,0.0158948703073111,0.0152659277159194,0.014662846257108,0.0314810269767787,0.0302199098830877,0.0290090377507046,0.0278499453349842,0.0267840950969184,0.0257668246091316,0.0247267378908704,0.0237390208681879,0.0228008608627106,0.0219069834274656,0.0210554304929729,0.0201975638633371,0.0193896796032199,0.198586466295299,0.190954533116815,0.330851516691773,0.318115561365852,0.306246269268016,0.294978405703208,0.284796259862012,0.274820564301547,0.264624124711267,0.254875008539285,0.245546747964556,0.236618582365642,0.228025231782529,0.21913782142269,0.210651059764297,0.20253629286258,0.194733297907856,0.195137611550441,0.200609291048233,0.208905458356397,0.220281502376937,0.229741885342625,0.245894557008263,0.268577871221382,0.28491655406974,0.300958901225612,0.353793484321677,0.400808127580786,0.443434954140517,0.481543981189939,0.51571824623056,0.54640688875748,0.574021017390306,0.580078998839003,0.585816578658026,0.591297409164342,0.596565747887129,0.601650993745657,0.606720716096627,0.611613078949182,0.616320444854858,0.620830684974033,0.625161279139691,0.629467564726088,0.633592980180402,0.63754516419636,0.64134429550039,0.645007557712904,0.648615184510036,0.652086586621068,0.655427233580485,0.658638494285144,0.661737811805916,0.664780036798454,0.667711783526939,0.670538516474758,0.673258132594054,0.675883238819607,0.678476053945703,0.680980604401908,0.683397704366883,0.685728013111879,0.687976704419128
"RWA",0,0,0,0,0,0,0,0,0,0,0,0,0,0,0,0,0,0,0,0,0,0,0,0,0,0,0,0,0,0,0,0,0,0,0,0,0,0,0,0,0,0,0,0,0,0,0,0,0,0,0,0,0,0,0,0,0,0,0,0,0,0,0,0,0,0,0,0,0,0,0,0,0,0,0,0,0,0,0,0,0,0,0,0,0,0,0,0,0,0,0,0,0,0,0,0,0,0,0,0,0,0,0,0,0,0,0,0,0,0,0
"SDN",0,0,0,0,0,0,0,0,0,0,0,0,0,0,0,0,0,0,0,0,0,0,0,0,0,0,0,0,0,0,0,0,0,0,0,0,0,0,0,0,0,0,0,0,0,0,0,0,0,0,0,0,0,0,0,0,0,0,0,0,0,0,0,0,0,0,0.0428944108726175,0.0415124572431549,0.0401890660514467,0.0389161954848475,0.037713567430004,0.0365540915897559,0.035428182365044,0.1241559283145,0.120445235034214,0.252912803837462,0.358276898670777,0.442567883594658,0.510278244326571,0.564929962017777,0.549136590654051,0.533825870045012,0.519103085821352,0.504932959057796,0.491294642715828,0.478138964847873,0.46522786316987,0.452791703031554,0.440797541941488,0.429228346284632,0.418043570695759,0.407011680847689,0.396371098495391,0.38610727674225,0.37615399831538,0.366526872467052,0.357020762011148,0.347839077635891,0.338932326355743,0.330307808928585,0.321926087645421,0.313656257554882,0.305612724101833,0.297831561048215,0.290270324493449,0.282901816558053,0.275556081482741,0.268421554164878,0.26148172404305,0.254715963172732,0.248148943826829
"SEN",0,0.0897586357008751,0.0864556455319099,0.0832933890650903,0.0801896021492186,0.579112563844738,0.557859581166471,0.537521534088629,0.5175999087112,0.792603951390182,0.763781779784958,0.735882076943369,0.709473248447891,0.912236961747298,0.879479047164499,0.847599523468971,0.815440081785634,0.92896795926928,0.893896785449933,0.859937175578957,0.826650049329255,0.920738725844269,0.884400376025245,0.849655803820857,0.815955496966987,0.782344634158289,0.751026194062961,0.721303096123301,0.693551927017682,0.66727068153502,0.642382584314739,0.614910173261887,0.589449730623202,0.565909004029444,0.543437815442227,0.522276279882086,0.496873160327237,0.472924740235603,0.450356650109937,0.428651678894365,0.40808021244236,0.387890815969226,0.445612839186893,0.424918545231183,0.40519474517291,0.385926851168917,0.367667039925393,0.350418091985612,0.363674743578142,0.346545098522557,0.331451214858255,0.316141178049831,0.32377365382414,0.324636463316143,0.327873791874886,0.331078462289091,0.326028392539778,0.322957376252711,0.308218162516932,0.312837907177346,0.315008047465902,0.313722159006309,0.312986336412309,0.586172816056349,0.585086037213336,0.589682808005624,0.598296989212558,0.6039690306028,0.727535306115946,0.728236756063709,0.726736537562285,0.727139889058287,0.729844321209753,0.731978748701146,0.73401437827709,0.735951943503278,0.737800429307281,0.739682534524505,0.741473566462474,0.743186597712007,0.744789363331905,0.746480230997522,0.748115829794866,0.749708507072931,0.751195764623312,0.752579965942807,0.754082202435766,0.755591874380583,0.757049776283073,0.758427035100279,0.759712454291864,0.761114502953308,0.762536582734651,0.763905294779029,0.765217105855323,0.766432142396477,0.767792000120152,0.769134753529752,0.770448577747008,0.771695557934545,0.772883384373264,0.774159613374996,0.77542519449894,0.77668363213889,0.777875418595712,0.778988961539606,0.78017937538319,0.781358549492039,0.782509571407085,0.78361854305853,0.784664989043935
"SLE",0,0,0,0,0,0,0,0,0,0,0,0,0,0,0,0,0,0,0,0,0,0,0,0,0,0,0,0,0,0,0,0,0,0,0,0,0,0,0,0,0,0,0,0,0,0,0,0,0,0,0,0,0,0,0,0,0.0508874622999565,0.0490224863660784,0.0472496815394405,0.0455182525308706,0.0438097163027738,0.0422008735238377,0.0406691110578003,0.0622771102291343,0.133508136339791,0.152070105333232,0.170028234051941,0.186004398147455,0.200965540366897,0.285197742996801,0.832420590558431,0.831315707504181,0.850001158121972,0.848447883054811,0.8470330835384,0.845650804257387,0.844337763154656,0.843070582231795,0.841865717427935,0.840710245597174,0.839584770580365,0.838411991531842,0.837342998570303,0.836376916059549,0.835421057356698,0.834459719972377,0.833472164784743,0.832570616920132,0.831714598490075,0.830881994166938,0.8300545641124,0.829216842806111,0.828450366172754,0.827724921837036,0.827018439074158,0.826313435737937,0.825604437216415,0.824939262325641,0.824329072966194,0.823733009516174,0.823124220370469,0.822513567420842,0.821946790281662,0.821428706963897,0.820897307036615,0.820372763483325,0.819834922363617,0.819332356872771,0.818868978373971,0.81840504935746,0.817935127559892
"SOM",0,0,0,0,0,0,0,0,0,0,0,0,0,0,0,0,0,0,0,0,0,0,0,0,0,0,0,0,0,0,0,0,0,0,0,0,0,0,0,0,0,0,0,0,0,0,0,0,0,0,0,0,0,0,0,0,0,0,0,0,0,0,0,0,0,0,0,0,0,0,0,0,0,0,0,0,0,0,0,0,0,0,0,0,0,0,0,0,0,0,0,0,0,0,0,0,0,0,0,0,0,0,0,0,0,0,0,0,0,0,0
"SSD",0,0,0,0,0,0,0,0,0,0,0,0,0,0,0,0,0,0,0,0,0,0,0,0,0,0,0,0,0,0,0,0,0,0,0,0,0,0,0,0,0,0,0,0,0,0,0,0,0,0,0,0,0,0,0,0,0,0,0,0,0,0,0,0,0.0299186476974092,0.028928564832266,0.0279682966667356,0.0270502279207922,0.0262037904136115,0.0253885390752143,0.0245988515196513,0.0238347593520985,0.0230952033355366,0.0223833176500302,0.0216995413653997,0.0210423459207616,0.0203885019974068,0.0197700867264557,0.0191798001618522,0.0186092408869942,0.324939609169243,0.522521342126148,0.508230626816128,0.49441334001152,0.481151240219502,0.468437361688226,0.456054156438694,0.444126406705317,0.432622253630645,0.421518176390923,0.410790244959939,0.400231045793665,0.390037220949101,0.380205874179568,0.370680073991025,0.361465227553856,0.352366695530596,0.343573666217431,0.335051714695603,0.326797046228691,0.318778729848899,0.310882690266363,0.303197951855661,0.295761943196422,0.288540058997492,0.281507085669206,0.274516621889272,0.267728420813537,0.261124329340464,0.254687050920678,0.248440321773485
"TCD",0,0,0,0,0,0,0.0620256975893214,0.0599259380936048,0.0579932166544542,0.609392048757779,0.588785055056102,0.568953751472738,0.54830874968271,0.867426363525894,0.835848086191425,0.806191338650429,0.775240880505246,0.916062469006606,0.8824398913695,0.851624179465109,0.821654976328108,0.920564649668356,0.886732365548014,0.854921963237145,0.823984078829124,0.794066089903179,0.764461230711471,0.736731225671657,0.710642434387109,0.685560833964625,0.660985815885564,0.635017375253767,0.609968132436598,0.586272995183157,0.563410588850691,0.541545517169687,0.518136820076499,0.496455531058204,0.475625851504373,0.455706238007484,0.436294527598409,0.416564548225459,0.398217081377376,0.380271335487041,0.363354035306177,0.346714091968762,0.330133502542662,0.314712914449566,0.299674958816826,0.285218035764654,0.272889764765592,0.259097748590467,0.246041290986235,0.243841800480517,0.238146873589697,0.237800143967254,0.225120059011869,0.213278213015483,0.207534751972234,0.20146954425318,0.20364023900963,0.204199187771166,0.203800665709318,0.202696376224585,0.199936682726219,0.199092206473952,0.20183082398653,0.207573322987526,0.212448473767763,0.214507281355083,0.216354814875943,0.219368860494736,0.221317953668109,0.223380113957973,0.264976945056606,0.265350091950165,0.266197907684329,0.266958222913248,0.26775936254791,0.268436207871013,0.269070308237178,0.478274146209945,0.472368910383328,0.466793688896134,0.461417090397115,0.456381451263006,0.451697097000273,0.447240940991861,0.443030889401341,0.438954189102678,0.435085661911974,0.431447442007723,0.427985832996284,0.42466666016139,0.421503759181905,0.41848353058235,0.415669751419915,0.41303179746942,0.410501461498788,0.408031454271773,0.405676043000537,0.403518823877083,0.401495141384912,0.399552597314942,0.397664900487355,0.395815735507268,0.394158703305758,0.392571252108925,0.3910580892644,0.389557027724639,0.388135681415067
"TGO",0,0,0.0448018461747685,0.0431554648286451,0.0415908983305749,0.521816783447394,0.50261596816064,0.484415862871653,0.466489569305128,0.977676201613208,0.941778859650381,0.906832856821268,0.872254699941503,0.975723459922637,0.939624581704525,0.905003116674204,0.869519467545342,0.969831622562607,0.933123422742047,0.897913441424643,0.862962029833971,0.961066994470185,0.923845134787258,0.88828322521176,0.85293463053421,0.816866459509659,0.783657384890254,0.752741754328142,0.722902483460399,0.69385602766435,0.667542661017658,0.638420385826343,0.611741156885268,0.586140846349482,0.562295310740121,0.539085546579689,0.514652843723087,0.492478237915907,0.471295637379427,0.451165318437724,0.431073496334453,0.410951071559265,0.392218999481708,0.375535936378821,0.358334400497374,0.342760139103739,0.326568860405366,0.311551806490336,0.297172697740334,0.284234003860319,0.272542510340075,0.259410732736663,0.247924104965252,0.250736934042315,0.243783039531742,0.232805958422853,0.222404791507701,0.211689541418813,0.201826520035838,0.192618868759043,0.183797650586797,0.175478746278614,0.167018684633072,0.15925343807634,0.152031169925333,0.145217900909871,0.156600129908059,0.173323110287524,0.942772022359173,0.93308118450601,0.924107526211062,0.915448080294508,0.907460849175585,0.899770193088689,0.892476735569148,0.885523032411471,0.878517971213158,0.871910026095742,0.865598008363045,0.859535957651036,0.853706707442729,0.847896724665255,0.842351352786442,0.836942022537227,0.831747061509861,0.826761743167171,0.821827659572138,0.817104633106128,0.812528110760465,0.808051066197941,0.803828184204385,0.799629867145624,0.79546552235654,0.791568280541927,0.787745366705718,0.784044348045029,0.780359158953142,0.776849435771229,0.773343309695967,0.770062782485827,0.766782927036402,0.763581813397105,0.760447015611991,0.757369797172693,0.754416305575939,0.751570795486744,0.748654114802532,0.745821550789356,0.743114015635971,0.740466546159011,0.737825362318877
"TZA",0,0,0,0,0,0,0,0,0,0,0,0,0,0,0,0,0,0,0,0,0,0,0,0,0,0,0,0,0,0,0,0,0,0,0,0,0,0,0,0,0,0,0,0,0,0,0,0,0,0,0,0,0,0,0,0,0,0,0,0,0,0,0,0,0,0,0,0,0,0,0,0,0,0,0,0,0,0,0,0,0,0,0,0,0,0,0,0,0,0,0,0,0,0,0,0,0,0,0,0,0,0,0,0,0,0,0,0,0,0,0
"UGA",0,0,0,0,0,0,0,0,0,0,0,0,0,0,0,0,0,0,0,0,0,0,0,0,0,0,0,0,0,0,0,0,0,0,0,0,0,0,0,0,0,0,0,0,0,0,0,0,0,0,0,0,0,0,0,0,0,0,0,0,0,0,0,0,0,0,0,0,0,0,0,0,0.0197144766841068,0.0189129418828915,0.0181415825313638,0.0173969949042987,0.108601426484315,0.185215620731556,0.17803245660957,0.17112515601396,0.164590541964348,0.158381681723824,0.152500081650062,0.14690268214807,0.141552038305387,0.136430278575276,0.131408946452081,0.126616746688878,0.122047506356591,0.117678088668131,0.113494358366801,0.109367554357284,0.105440853597147,0.101683395952439,0.0980848359393097,0.0946373477048764,0.091246962692683,0.0880095090329573,0.0849099927044132,0.0819377540312935,0.079092595093099,0.0763024642944636,0.0736294910319193,0.0710658758576282,0.0686072944622263,0.0662367441796435,0.0639328657404236,0.0617085767546965,0.0595710448722665,0.0575178741254617,0.0555360773319144
